{"cameraMode":{"drawMode":0,"name":"Shaded","section":"Shading Mode"},"sceneLighting":true,"audioPlay":false,"sceneViewState":{"showFog":true,"showMaterialUpdate":false,"showSkybox":true,"showFlares":true,"showImageEffects":true,"showParticleSystems":true},"in2DMode":false,"pivot":{"x":94.63345336914063,"y":-182.56817626953126,"z":-165.50634765625},"rotation":{"x":-0.4396619200706482,"y":0.23559202253818513,"z":-0.12068647146224976,"w":-0.8582751750946045},"size":925.7109375,"orthographic":false}